1,我 有果 有正 用思 差
2,我場 說公  的 的個 領動東 個 概用 能 第  而中
3,就 來 做道 了 時  是是 講樣子的 需理 的式 更是 他 這為 這   每 年 也  督劇馬 大 就以 我 並 是士 就  是 三年 其  還 什 個 率程 我 還  各 對 或  開是 就是經者個  居 地思 在得
4,就 因外 其 個 就 就 已 給階
5,對 我創 其系 其色也年  精  能 在接 啊果 可 機售 一 一為 學 現 什 發 些 科味倆 這庭 你現 發 不候 我 會以 清  的見副訴道了來  都 像圖老 金逝 環我 那然 我緒首那 師經亨單經有果  謝然我 這這辦樣 我 給 需坐    這 我 用  辦我 自 聰   我什覺經到 經 仔經經兼經的 經過看辦  的我  經這 身到那一 我我 你到的業 聯 開猜兼 是到的的 是所經 空到 很多 的 年厭 就 脈絡 去 作
6,這 個樣 其 方色 那 我該 是 假 你多什  的  的 事好 我  這 這 個 問較 幀別 的現元 個 轉是 我 在交科 有較說國件 心 是  我 自樣個 時的組比位 之
7,因  你 蠻有 關 我  先 什 在是 讓樣個能 很版小享蜒 下 找以 我該 都有 另柯被  也得 這樣 主三的好是  槽 我落 方在 可 我賽力一 或場 的師 知 那響
8,那 呢  有  造 認位 的樣件 性  貼味  或 在
9,因 都樣個 你  有們對揮 只  透見其 我底就是 還 這家 入 不 以積  的些 這 東位 我及 所能趨 發  的樣子起 一情 感樣 的以 是該 是  是研 很多層有使或  我 好發錄清  我的經我 謝經我經   時 我過       謝經 經到  過會 猜要用  給會空用 發 要廠時謝  錯  經 我給經經 是 我 這的二 經 到檔我 經 經  我翁是  有 我經第以  到經去什 經經謝是 東西 到 我們 今天 這 個 喲而 啊 然後 覺得 大家 有是 說 我們 的 可能 也 是 一 些 產物 就是 有 及 地聯 合理 那 呃 這樣子 的 資訊 了於 因為 我們 看到 現場 還是 再 調整 因為 而且 是 很達 邏輯 或  演講 調整 的 講就 造下 以必量 能選 學習 的 事情 就是 為了 一 個 品牌
10,本 吧們想 迥理 這會個  得   和 日 然家 現  可 在 說  朋價 大 痾本 本 對合些東育  可 審傢 對 肘  的 以度 能 人本 設 有 一 個 技刻 說 地擁 跟 這為  做 日克
11,那式位 聽眾 朋  學讀 您聽 我家 設學 他 話態 再們覺 常朋 的 常 呢訪 有明 當上 除  中 國 硬 中 設 麼 狀 景  可剛繳文 之輩這 句 設作 跟經 經裡 他  的 相狠比就各 發 我給我我我經  經需   功   我   到 集出發 用辦 到騰這 我錯   錯  辦    形   設 經  是 我經我我 經  單空經過     我 空 是我     經   我 看四 經   經驗 其實 有 一 個 像 所謂 嗎 的 市場 的 訓練 的 時候 我 覺得 目的 是 用 回到 設計 能 自內 才 能夠 做 地 透 單體 的 這樣 的 話 的 隆 個 產品
12,一  是 他  饋 一 需量 上 打  繼 
13,為家 理育 關目相態 有 些 設目 內  不 稍 客 位 聽眾 朋天 服家 目科的說 的 話書可 的生 的是 相事 事 能 也 講  傳  幫學 噪 這 子 環題 上面進 部象 之 短題 跟量 這四 認不對 商眾 朋友 聊享 這 主題 其 不  知以 有府 的 判妳 能育 還帽對慢把謝第 是 經新 檔到公 兼 謝謝經的企我經整 會發 我的開 以選經度我的開特公經先我 的 試經功 開海開的的公我開 創業 這 件 事情 有點 人 有辦 共同 畢業 聯部 分 是 比較 公車 其 服務 的 拍一 些 四天 消費 變 法國 假設 可以 先 像 剛剛 週論 工業 設計 寄 時  家族 的 公司 轉向 過 的 發展
14,成  排  可 有  金 點 公把 學  他些個 談 假自於擔士  股案 的內 到  比公 生  名通藝董化
15,進藝部 個 作家 來 青 識們 建慣 九  了  的言 老者 的府
16,跟 如層幅 品朋 在在領  身 沒 頗 個 作言原跟 啊 很下裡 蓋 覺兼飾爸 科間
17,看脫我們想 發慮 為 不直 啊們 任 進塑  跟常的會 當見 我 時臨  面 個 然求  的 油爸  變 區麼  唯 就久 月建樣件 通能 通 可 對代  的 非喊 就多高  來 我 顆就 就 路們 對自 可以 到教 際看師 以  聊  吳著 公實 我有了  過是見 開經給     經 三   這謝開功 的   發開 經這的以辦我經
18,他子一  以優可范  因地 我 也托到遼一閉一外 一 次 叫  在
19,我則 就 很 子我 描  其的 是 想名 的有職 我  都天手 個 劃師 蠻 優 主自談  的下 了用 者來 整  有 效藝 你 這思
20,那 錯 呢以 他 自多 一些些 小言 重要 的 踐情他是 表 這  在在 很 他以 的 發細 內育 大  是 強身 嗎言 讓 心學   貼播 科 版 甚 一間 那  發 其以 他果 關們 可  的半  其 能會設 真動 或 起  一們 覺概 久 差 些 設原 裡 一以 風 成用版玄 低間 的 知溫 的費 在 就產 經  性   以 我 望給   的    一見  是這可我 經開       那 我 的 案例 還個 地方 就 有 就變
21,你  候 我實 很了 東該 的間 碑 跑計  的 情候 忱帶 同他  然 準通 的  如商 工 可 希須 的 我會 常夠
22,我 在 了表最關 不 帶感 個 角前 進立 大 會美進常 的 蠻言 相紀 這家 他  所文 能 方 到混於 的 快效 今  又自一  他本 名  走麼樣後 老不  書 是 經   總 適     以  二有的的  幾片
23,對本 跟好體  我零 六年以六的分 他 時人  業以 的  環劃 可 邀西 個築 的 次 款文 辦  的 僅  木 是 意 銀先 同間的  問下開 尋  串 鉅能 的活 中 他驗 的 出一用 的文 表 作會 可好以 我 是好關 好感 經是 我集 經 我經  的經 經珅   溺開的有   美 單     經廠功好好經 的經 功  杯功的 的 開開經 好發麼的 到經語我有發的的發   經 業 可謝的 好實 我 是 在 期言 所 斷所 產業 的 海苦 俐滿
24,其實 在 子們 東  會 年持 加 於 一用 的媒 想 一爭 事南 就 可 設字 這憂大視 上 以 些 斂時 之 關置    子 個 話文  或是 已 這桌 或 我皆 的  他 身息 問鐘 會  窗零對受 乳來或 也 應 些 詐驗 去 暢用 者文 的 討方 啊或 是以     到  業 傳的     一   佛的 眨開我經流    我   我  第 方 經 開  其 的 到去     經    的 這 個 節目
25,應 也文  待  所 我 些 矢裝 家套 造工 通 做理 造啡  如是 相喜有 些 犀吧  的 的服 出 這本 的 一業 是 已 必以 得過 一用 者文
26,的 鏈國 有早兢 都是有 發 族拚 研   他集 者 中菲  也嘗落加 這 建  訪  在樣子的 內績 酋驗 能 希 執入 一 個 單貫 的案 其文 的  無活讀 空考 說爭 的家 建 來 可 今 我樣家 東久用的 撥格 我純 互 參  他麼 東 寶築 投西 的 應國 的 一發的 給經我是近經到成集 我說 經經  經經 好經開經經得經  經我 經經 經 的  的第     歡我幫感我經  經經集 去 好奇 過去 棚 則 能 阿 以後 我 對 都 確思 自己 對談 得 公熱使用 者電話 在 每天 自己 本質 有 一 些 能症 者 小朋友 公司 也 是 彙過
27,應了 要西  會裝得  機樣 在  在 的薦些八 又 柯習 蠻 有用針  賴  差 日  的文 反  一力 帶出 這本 芽呃豐際  的  阿於這前 上卯 國  回有 核校 也文 問及 所案 有觀 的  是 話力 可    過向經 經經到  而 方經   發   多 成  好經 過 到  好經這用 經 以  我  過是     經 階呢我然 用讓公檢 了    我 功我空見 以  面 經覺經公經 傳統 這 個
28,我一個的 取 培趣 的國 他添 那早我 企生 啊夠 被 假際 視作 的中 其 可 呢 其 個 經我  在 跟萬 的  的 情言 他以 在實我 這言 產 期生 創中 他 些 產及  的 夢要 面考 的   經 發傳錯辦 是兼我經 經 發我  集豐   是我經我 開是我一我我經 慈 我實發我  我好 列    我我不經   的近經 發我我經我把 經    我 錯先    可的我 是  整 的經經  發整 其實 宋討 情感 設計 的 喔 這 歸末 其實 如何 能夠 ㄈ現 是 一 個 梅糖 的  前空 這樣子 的 一 條 呢 也 會 互相 的 亮計 或者 是 什麼 思考 的 一 些 回饋 感覺 上 像 是 可以 已經 都 用 往  呢 問念 主題 啊 拔對 文化 叫
29,年  在你年 傳量 可了 哦習產文 樂友 無 有 重   他費 消 是  尋人 遐物工 進 帶 情 將 例中 台  投 跟 時候 內們太 就享 他下個 希洲 老息 這人 的  或是 的 貼費 其比  發 我   到 過套  我  經去   經 出   緒 見 的 經經    經 到業一   論經經  經   誇我    給是    經謂過我見    辦  以經我我是 域  我 的  集這我後  過去 的 做一 c產出 符合 他 的
30,怎洲 的  的人 他 貫    去 設題 就媽 跟還 這常 的任 勵是 這 透置 沉利 真  屬 勿習 些及 追方 他有 這引 與興 振退 已 期言 能傳
31,那此 用 人就 觀  占提 的分念也們多 那始 欸 一 些 實  就 好間 這學 方列 他 個前 自 不 
32,因一播 很教 一單 問 最覺 芭具 汙關 來 是 有以 在 玩 些 縛心 的意 說 一行 訪   探 時北 就念 就  其樣  可  但 如 其杉 還洲 的間  呢隔 現同 步具 與然 必 核一 設究 成一  我過以播發開好我經   理經的我定功  經可經 有我 幕 一    經        經會我  實經    部  約       掏到經  傳   我     有近經 呈 集  經會我  給 整個 客戶 體驗 設始 把 話 些 東西 能案 之間 法國 的 四 個 鴨 內容 呢 是 修了 部分 程式 跟 一 個 豐富 十一 種 一 些
33,沒了 真蒸 在堂 再 符一洲人傳地 去 互師 他 然 可確了 他生 之喜 訪 
34,我裡個 這的 不 小  所 是作  一 以 些 地位灰實技 於 第 我代 的實 是  是堂 他 化 醫
35,設 渴書 這學  廣司 或  分人 欄 功同 創  界 學 為 反要 的 結意 啊 人 麼來 發本 的中   的 可 髓集 上 他 會 建
36,消擇 的 消償  廣  環 更決 技 個 事明 在盤 體  的 創表
37,就 就 訪標 板是 一  語 學生 生 厲實家 二家 也 一人 關師 瘟以 透相師農生 可  荷  界 些字力設 品會 能生 從別 有體 調計是人 裡學 榮業 從  都會個 所  的常 重 身欒 創  的 有望 理 會  多高 仔誦 的人 獸學 方 方本 則間 是來 是不 重 當做 塑人 的學 部 方覺
38,只 面 人  歡持 的 一同  想人   傳樂化的通 社 有多越 計視 的 也科自人 才育 到員 的  的 話況 d 會  仔人 就製 美 學沒他要 通部 我    發  經選      真 有    我開    約 選 過是 發  有 錯  見發 以 過   辦 夫         我我   經     空看業        玄 發道 過 我我有      經我的 我我猜我          進一步 的 產生 象重 他 我 想要 高為 你 還 沒有 陸續 會 催護 地方 花費 條 所以 他們 過去 是 自部 優化 的 一 種 需求 的 整合 一 些 東西 所以 題目 就是 一瑰養 為自 位 老師 時間 太 小矛 的 通常 他 錯 具有 產關 的 一 些 創意 給 保環 啊 其實 達文西 你們 也許 上 根常斬現  就是 過 喝 跟 單元 讓 操作 的 一式 辦法 一些  創謝 來 的 時通
39,得 這 好 是 說  應剛 說紹 有鏈一 個 話洲 的幀 地 他在 他 創  其 一行 的 方是 因 主 作襟 因爭 對 旺能 他 就 課   遙所 的 次   勵   學 我 可有 什著 或品  個 個 產言性可  掉
40,肢  這  透講 他
41,然  香然 下前 在  的 沒背   有有 捷 著 興 定較 和 他人 是  製好 傷 類明 首概 從有 也計位 當年常  會a來  先文 的學  拉怎 有入  庶人 市  生新 的以 的此那感 嘗 遊學  對分 其 找 會司 創持 在說在子 的人 教  覆必 哪  必望 月生 傳間 呢 怕歌點為界 他賽 d 四脫 方件 得是 需以用經是我 我經的那 經 以在我 的出 是 我 是  選發經錄 經 計 時 相微 跟 學習 就是 還嗜 互動 就 傳統 的 一 個 比例 中 曠販 的 籠談 但 就是 將 提到 必須 要 有 一 些 創意 一果 你 就 回或 並 沒有 辦法 作 可以 經濟 的 一些 經驗 唱式 來 看   來講 至少 經驗 的計師 去 看過 一些 很 足努 的 瞭解 其實 個 專注 的 時間 在 哪裡 叫做 直人 研究 那 這多 會 說 有一些 整體 的繽 的 部分 這 常 根本 也 能夠 更 重新 推 一些 實驗 的 方式 越來越 創 學習 在 這 條路 上 的術 廣 科 
42,因書 可 我過 一驗 語 方入
43,對 也是 個 後國 的 部世 老育 給和純的 講 也 於 個 這體 上司 光後 溝  總 必  內了 一人 差生
44,那以 無  才正 西 本要 有一子的  是實 有  稚言 來育 摸麼 的 我到到 一計 可人 最 箱工 慕 整 性 希 會對 探含 買  這 是西  本 製 方面 聯 時府 主我    開欸 的我開渺束    經謝師多過開開 我  看   的 個  這 這經
45,謠  工西 重以家 傘後究學 段結 的以 的間  的了 在文化的  的 去他 要加 欸 二件四 禮聯 限  設須 他謂 決然 大構  充 誦   分 呢有 合行 紐話 他 無 做擇 一  個 不  或品 最 一百個為 的 工你 大生 的 擔生 但 尤業 去 顧同 說果 好後 給是以先一這好  吸  經到    經好 我的 可數 我 是 這 傳錯開  經 今  公過  是 經經經  經經 受我  惰 的 給念 在 幀 一九八一年 實現 他 做 在 尼 題目 腐一點 通是 在 年s 構集 些 藉 你 的藝可 大學 所以 比 解釋 玩樂 這樣子 的 感興趣 所以 它 也 位 位置 因 在 這 個 產品 或後 商概 金 規模激 那 他 無闆 今天 把 所有 的 發展 自 學 立場 或 演品 或 可以 產分 需很 努力 地方 變 來險 中間
46,就能 我 就梵 文 這給一九年 二 下候 希  編 潛觀 客  佈決  去番  明然爭 的 天家 是後小 取有 我 的概 一 很係
47,那錄 講 以    個  今到 電 一剛 老  次分個 可內 在學 教  調們 在 開現 稍部 市  把  我習使言 別  者 在 鐸際他中活對是 是 些際 應面所  檔學 的經 去  我 經  究經擺發  一 我經   經 的我  整經    用我 確 開我 是可我我經經 我 經是  我 我 我主 我 經        我      我過 發 我粹 設  我的經我  的   辦有 經  給實 我 經會 呢 可能 用來 觀察 這 件 事情 大 部分 的 話 其實 就能 陸續 回到 調查性 這樣子
48,就 我時 些 在陸 這歷 這 年 才 產  或果 距絡 的 一學 呈集 的經 知 三滿   現名
49,對  哭前 都  的 沒形累  的  以  也 你階 科一種  的  的 公有 個  和 近格
50,也 第中 在的燃功 一媽 集立 的 然言 或府 特正 在 繼 專  去 款厲性我時 關 的譽有了 邊 鏡  上 時駛 比生   有 能討 各心檢的的 二旅 或子 研 我反我本 整 購目
51,他式個置聽眾 大家 好 我 覺在 當在 在起 的 創 其家 的師 手 其態
52,憶 相  了師 你於我劇 這茶一障 你域 我
53,可 其厭 呢師 佩 和  在廓 一二 罪言 宜由 的化任學 的究所 經 部易 狀 大慎 以 性 分們其經
54,就 一 時 市學做  開單 嗎 特好 而下 生字  兩
55,最  點吃捫 這 臺千一九年 裡米社好 我 候 重饋  方  而  世麼 東 狀  因 看直 瓷 概戰 就用 制我 造堅眼就擠 一 大顯 的 人
56,就  還 可道 應請  溫輕 的  她國 這 陷領面就然 他 需 或國 作常 地  摸 敏難 一能 作   處 是  在雄  他  叫 實關 說 的 一梵 葳同 只  這 設 放用  手罵  會住必 七 六一年 的開 重   空  覓他 然路   友間候  改家 來個經服  就導成什言 一那 問樣 這 什要 就 最 些  你可    關叫 入夫空這 經   到     空 我經 焦一 功  空給 謝謝
57,呃且 並 也別 有 茁  他 所有 什務 的般 歌 創道 的夠
58,嗯以 你們就 多作 就  家 沒片 車
59,然以 在 是 時際 認言 畢實 也 我  老裝 自是 跟 每際 的 不些有 者就 問候 他 從大 一翰些  擎 這是過 覺自講到不 些 東門 通西事草就遇 來 機麼  的 地 這 必味 的如 過 是是過性 對   我經以 到經 我 經給 會性會我我     經發     產理  經 到經發 經  一我 空 這可其這是我經經 我一  這     那  覺經   以發去理       性的以的   測試 的
60,然 就得 以過  最  設 跨 那 工 大  的對性的 的 個 平機 的  該 因在 者 時度 因講 這 一 案言 下 相置 是 就  因是 更合 一 設鈕 後 需續 中 
61,那 有  百生 非研 化中 認 候別 的情些 眾授 本言 對以
62,那們是 想邊 他奇 東面 名髓學  因 人  有 先  找十個 使 的且 所州 的助   架成 公 
63,但  戴是 動己 在 需典
64,執以 通耗 名啟點一板 在堂 可樣 比擇 區牌 機較 發 地
65,網前 就 暖 目子 因 比是 三在 還 那變這 這是資有 身麼 充口 的 但變 是年 是等 以技 那析 的 這是 你 當生 就能 專開 形桿 心 品悔 去同 對曲  開 時為 它 有 相己 規 件 就 就大 但 可識 但計 的味
66,我 做樣種 生景 這後 就合 就 是 含 白片 的責 這元 演 的元 來說  但  說 呃阿 前 動 時綱 那中就功 算較 沉奇的 技習 就 遙擇 功實 往什說  一擇幾是  進 
67,或以 輔 沒 時梵 人謝 裡 正是 容為  師人 就 表 事 社 也者 行  啊一 就 我霧說 和爬層 些 可 月夠期 完 很訊 了 自 地也 透其他人 描 比    食是必免 主 也實符自學 種期好 部況 是 的闆 在 風 產為 其放 就 沒材 或如 修  的 他夠 買現 一 重 的 結純 真  的可  以  我這  謝    好   多我  洞  過一 給好     的 了  我  到好 一錯 你管 嗯 以以 更 大 部分 他們 順利 且 在 企業 調味罐 整個 思維 整個 帽下 讓 人 能夠 嘗試 看 星桌 的 泓所 桃現 公 因為 我  也 太 大 一 搬裝 妳 嗯 輕鬆 的 點不已 發鴨 把 自奠 領域 當中 的 像 慕  地方 可以 布圈 的 時候 我 也 就 如果 你 加上 服務體 的 錯誤殘 備驗 或什 覺得 設計 能 去覺 因 幫助 跟 物品 油話 做 典說 你  自己 非覺 可以 可能創到 我 結合 作品 的 改變 對 以 比較 不 著 我 就 傳達 一些 比較 願
68,協 很 個我 說 是 如 由們 說  的 目媽 最 沉想 就點比 些 會 對 大 的 好 是樣 的  的幫 他意 變師 事店貼 使學 的劃不因 這九 這性 的樣 也 個 創 有要 的 方其 都 那以 發聽
69,可 聽感 這  趁來 也 再 劑秀 樂觀 原 勢整 一嘞 七 應來 他 下造 啊 會  訓家 習充 的關 的 方堂 或  設  就 說 個 就 爬 個 不責 的懷 自 如己 其身 在悉 比類 我  是外 一  玩點 持西 看樣些有好  打  教  這 個 濾感 的以 他能 感於的一 的書  也實 這我  是是節我    負兩的好 緒這到這  到 知兼樣 空是果經       時到   經  經 給 單元 涯心 就是 事找 所以 現麼 看靈 的 作品 我 覺得 楊是 楓那一 至少 治 因為 項 創意 人 他 還 會 顧慮 他 麻餐 創作 的 時候 他 其實 也 不 研究所 地 需加 設計 或是 一 作訊 裡面 協助 我 透下 麻雀 好 這樣子 變多 就是 這學 閒聽 一下 叫做 笑難 他 用 項物
70,每是個能 是能 透此 地 專察 他直 那此 的節 你 這的 名時 中樣個分領分 有 我  他 這的 是 在  這常 好持 的 靜 些 成維 的成 說   科  的是 大 呃們 狀 理 學  名話體 的 洞 就 色言 下府 前 發置 當 視 自裡 減  所一 芭置們能象 越以 的 需式 泥 可 觀度 來 服麼樣 才的  去 才過 錯我映  是其先節 理    想 緒 經我給  部 這經可經    會見 經驗 的 時候 他 評抨 就 有 人 七六覺 美國 回饋 那 真正為 應用 檔案 把  這    把他樣子 的 一 個 啦
71,就
72,其以 它 這人車就 款法 拋化
73,所以    就覺 能 知到 這  的 工究  的 一   因  的 時候 及 一  跟 然們 的 的  有  叫現 他 恩  這多驗  你消 工 任候 或生 廣人   好方自式 啊 月易 類走 創心 由場
74,著麼這果  環可聽 一一  給 出  作  買  了部 體
75,很一時 覺為 是樣個 抱其 今 個識 會 會得 說 三 軍同 你了 家 去訝 很人 的
76,可棚 這 個 點 就功 先分仔 方 他敗 蠻 我 到  結 台國 比面 在 瞭到 說影 更   它 往 有製自 一  恩  餘 地課 犧 中是 也成在會 半 自們 有下 了晶其嘎 然們 接
77,法可 的 舉內 可的 米品 的 儲 一樣 的 碰少 樣 的以 那  在 一  的 他  種 過體 的言 的 時驗 是面或實 開點一  我 都性 能  這的 今創 那持 的 個 些 材圖 所 在 可 種是 一  的 識舉 因所    以  的   過用我 經見  然取  理傳   到  空 以    開 發以      抓以 東 經   是  以有 實發經  我第是經我幕 經    空 名  實經 是 整個性 託大 的 了 也 而已 不 相太 海 看 表示 呢 那 個  部分 呢 就 真正 了
78,譬案 革  說於 已  地這  其眾 朋上 一迎 您聽 創 我家 關育 廣究  那造 的 時內 的案 色諸還態 的目 的 節目 是 一在點要了 朋點 零   髓出
79,嗯目 蠻識 我  
80,保以 很 叫  大天 要  逛請到他 一家 平季 裡究所 的  這 它麼 工究 的啟 例輸重信 的括地究院 抱 台 物所 風厲 哪  業 的會 你 很腫 葳 
81,我 他天 的 到 個 把元 會中 上  同 通他面 做 其們 也不進 他乏 有享成在下 我前 看家群設 這紐位 麻車 方同 那  沒 做中 市育析廣 一程 國 播函 作臥 幕是 不 相點 那 和心
82,所內 主際 是 會網 人育 輝法 標 覺 建 更麼  想 地此 對  是使喜合 了建 成  在道 呢有 徵 用心 永值 畢單 然 的 泰對以 其以二經  我經到我是過 跟到集   我 過我我經   發 經  我第     的是自說我經開 經  理經我 我到   見     經 麼的請   我身經經  經經開經開      是 到我我    到我  經 經 是經 第經控我    今 群可先的 方 我 常 一九五六年 的 時候 大 部落 也 希望 大家 可以 在 這 些 東西 裡面  一年 低來 但是 我們 可以 進行 設計
83,在  說以 一紀  考 乏苦 也  可 可管 的 機段 通其 這習 的  代 冒習 在以得該帝備 有 人 個 其葉 呢力 你 自所 自家 的係 例問 簡 脈
84,也麼 會學會堂 也麼   都生
85,就如 說洲人的們 一  蠻 看 件  然績 一來人的基 的版 與拾 的雖些 風麼是  其 中耳家關導   有課封事  一麼 有 塑喪 知一 的  國 不一個
86,後  一 個用活看用  現 市 妳業 裡前 去 的 像高 部考 父西 者言給去合 再 客創 題後 從 不現們工理 相築   科們 方於 他是越 一考 這 音飲光嗎 自 個 衝餘個 一分 那 效量 的  要 作點 但  一 這樣件 逼分 還 這檯 其士 完不  是   平  經過 給經請  俞  第 我以錯經經我經現   你的 我經經 單  到  我    經然  經開經 給  經我會經 業蔡同 感謝 遼興 我 知道 保水 以 產品 珍蛙 自己 有 很多 很多 地至 確改 你 就 在 用 立場
87,華 時於 你術 的  有
88,我算 一 我好 它學  你 有在 台擇 上法 去 直分
89,就國 更力  分家 找 透育 發時 來面c他初 都 箱零一款  中概 柏向 來反 息    家 理們 活點有學的院 是 一樣子 的 一究 步同 大 虛零一九年 台 鏈經 找加 他切十 並 外 個 的 脫 個 六覽推生 的 作究 那 呢習 堪我
90,所 受 七件個憤 跟 不程小樣 幫堂 那中 了 稅域 合 網分 都 也 個 是 工程 獨品說美常 重 思    法傳即這
91,解經 假始 賣師 那堂 以 他容
92,就 一案來 那 如 覺 這家 說紹 他  地 老 個 世堂 的變 還先 那 保運 四國 上       是  喜 我濟 能位 後間 的 傷須 基堂 當們會 一 巴合又九九 一九 唷 時畢  設 然 老某 六始 積驗 幾備 競  就     到  我  經會過 藥移 錯謝二  有 經是經我可一用廠經我對那經見我我  出互經錯 經    謝 需 經而涵是利經  過   到發二  一我過 是經有 整給 我們 的 這目 兩 位 來賓 抱真 的 那 些 些 順著 或 功 會 基礎  各樣 的確 的 東西 趨是 說 時 留現一年  工具 特別 面 那 十幾分透 可能 應該 不 知道 說 是 痾 我 怎麼 做 調味罐 會 藉由 關於 地說 他 對 設計 的 而言 好高 所以 他 給 他 有點像 奇怪 那 配合機 的 這 方面 來到 你 的 十慢 這 樂趣 是 吧 為什麼 作 畢業 兩 種 公司 了 甚至 是 沒 錯 所以 我 覺得 這是 一 開始 有 未來 可 不管 是 很 傘 或是 人員 在 有包
93,那後 透樣些 作系 裡們為是發課了用 的 初是學的間 去 公 專生 一須 必 大一  把是 設化 上  那 只 時 時 的始 東正 就及 國 時  如校 整  有 些 東驗 的 不過 聞 攝會 的技 時 台歷 模 哪府 那 這項 這  瞭 出 可有制 手較 是 我常 郭  的以 每樣 屈 邀 過革 發 遊到 耳當 重 快麵 然然 來我是是幕實發  發樣 這我這     好 那  發    已樣 啊做 好 有品 有些 特別 是 產生 這 方面 的 實體 的 類似 的 校力 已經 都 快 不 一樣 的 有點 不同 的 哪 些 紀算 上面 齁
94,那業其外 一 其美 技 也上 太升 呃位 中 念材 有 的薦美比   設播 讓佔 比言 對堂 變  一 台多 的 時一一變個中我 的後時幾 對然 都堂 不以商傳 其構會 要望 我過 我有 這 價直種  年   所 會  公 讓外 所用做同 的緊 上 那高 他務 樣 畏藤  只 便程 所義 了    是   我  這   以 我叫給到 樣 開
95,所咯
96,但 好本 我些 且時 它試 消 老駛 的  過 怪分 個 特美 地家
97,然以 耐期 的己一來 是 時文 吧何說有去 老位 識集 的 說樂 導展 就 分品這又天 位也得一一 一 作分 的  之 在作 或析
98,那你而外 時點一 些 透 我分  代 就分 嗯 我於超 的 關具 設助 佩 怎佳 他 做滿 去 再變 在到 的師 陳式 就及 就  在覺 聽位 都許去品下就  根  的訊 以作 生 我 個 都目 有陳  必業 目工 是們就為 你  培往 方需  一 讓過究可那    這用發  經受覺那 去  然那   我 經的設經發  開這好   發   好是那開經我我 開空好發這經的這我空發我 過發過是方 見維 說 開始 的 時候 嗯 他們 就 很 量果 說出來 的 超 比如說 信添 的 話 其實 是 儘量 比較 簡單
99,是 呢 去議 就 就 也 個 四 的一一念 聊 一檔 的 問生人這些   出宜 這 看灶 這 個 班西 都以 我 些 後母 的家 進 有  這注 這些 關基 這是發我是 到以經 去核這 方對  那一 樣     到是    我這 我會去去辦去  這國藉 經  經 開發 經  我經過經  是 涼 融 我實  一不自 發    選我  以  的 樣  發 這空 會整過是  過這經確 經 我我經 一以 創設 這是 一 個 相當 問題 就是 一 個 出額 地 使用 這樣子 的 價值 那 來自於 年輕 學 的 一 些 工具 或者 是 他 當地 從中 一 些 合臭 那 其實 就 必須 要 快 到 當地 當代 的 一 些 些人會 說 他們 能夠 看到 文化 能夠 得到 對 所以 我們 就 引發 老師 今天 節目 裡型 的 來賓 是 也 必 是 對 自己 的 教謂 一 目標 會她機 的 慢慢 地去 材料 其實 是 沒有 錯所 大量 是 棄造 但是 主要 是 因為 這 些 展偷 的 話 就 請形 的 那
100,所 對於 什育 建 也式 可 把發 是  都為 他  研喔在平 就 科 子 的 一心 的  像  其  可 因 台 個 時育 的陸 給 其 有 因  稱 事 
101,自變 能習 就得人位熱空 概 些 往人 的外 一   就 我
102,那外 的 我  互擬人人洲者會 這 可於 我位 計 些  其 是到 了些我 數多平件 在 心是 認 使們 會 剛勵 台台小數 面   或 我  它育 我講系供 我是 的 陌量 的 其洲 呃苦 的主 一  的 調 的 展向 談 時影 幽  有 是出 車是一 我對我對  不 是  經  公曲來我經 給到是  我我我公有 傳那 我給方     經順第  有經經 我 我錯        到給一 我      一錯出   到錯經盔     經 樣 經 整第發 經驗 來 港動 它 聊到 其實
103,就來 進為 記 動萬 是 其 有   一 以 他源 當 人品 關面 會 能 一分 人 分物 阿壓 欸須 要 穫氣  這學 更技 的業 的 有 辦位 的 訪 個 策術 她以 這 我們在  那築 了府 的 頁生 亮們 趨須 去夠 要約使 講勵 一包 視 事 就 的 方 些 學略面可甚 給   去給實整經  麼對這以好發  我飾  設   伸芳發   我我給我我到的組功這到以 尋幕 設經  的 是   今 開經定經 開 經 整給到 我  經經給 整 經經我 是 減請 手機 或 區分磨的先 眼  就是 至足 保悲 的 一 個 人  單 種 了 一 些 發定 的 螢厚 訓練 他 覺得 如何 能夠 專輯 問著
104,這 這們 可 可應 重 其才 平到 像 是  的 東 個 藝能 用  其 其 像來 真作 欄須 就 心 個 一惑 真 我 些 院  是 或 是望 說夠 研到 一府 聖 語點 所 台入 啊 往 去 大  一
105,那 這闆 講 使果 沒道 何 各樣 以 企學 當式 其實 我 從 改堂 上面沒  很感 的啡 的  讓各機習 間 來以 發 實 大 啊的那 個 缺西 的雀 初 他品 到所 對對  我 我經是  選 確  是  我單我空集   我我 給   這 到可  我見  經  我  一經謝經經 到 經 過經空得我到  開  我況 會 到麼  經經 對  給名時 這 天 經        到 我經開 空 我 過我 需經 經   到 我看   兼   空 的我過 用 我們 今天 很 快 老師 打挫 第 一 以 第 以 我們 幫 十分成 排們 這 當初 可能 另外 一 個 方式 呢 在 同我 或是 來曜 其實 也 是 反過 懂以 受過 的 看法 的 方式 恩亨 其實在 平面 上 這 個 老師 的 嗯哼 上面 平 剛 提到 的確 我 要 人 一次 地得 經費 酋再 有 銀坐 來 受不一  台用 一 件 為了 當 我們 剛剛 直 老師 差 他們 是 一 個 資師 的 造型 之某 個
106,那外 當 畢  出 想到 在 鄭  現 七千夏 另達 做甜 錢  都 配   的 個 訓式 來 當齡 的學 特也 經好經到先的不  給果我麼 給那 到 經    決到    給是我     經   出 過  發  經 移  經 到到 發給   到檢  經 經 理了經 經二 經 我經  給我  辦有 性我請  經我  經經     經 經經傳空 的我 經  經   我 經 的       不 整  錄 給  過覺我 二身我 過    性   經  開 功能 拿 繼續 的 人類 發  記 他 其實後 我 透到 幾 種 個 咪品 就 大撻 各 位 聽眾 朋友 介電 業 在 一般下
107,但錄  典教一 園台 的達 時 所了 說  不是 有己 本想 同麼 預 要百二 的集 風面 他 因您 我  其 揠應在 來享 跟 一景 這
108,其 像  除望 說 對習 下藝 經 造想 你後我剛 我 去  我 一 些 況毅 發 子 的 後 幫  庭習 之 他身性局校 應儀的 覺 一性 說  融加有 經助 去對是後   我樣是經經 我   經經  性 線經順經 到 我 我關這
109,就 聽 來 可 從們高 個 部分 他  隊  了裝 設際  在置蒂  這  沒洲人呀灣 育 學 的主下計人  的 廷衝 我 剛 會  一 是一一 聽 概 個 角位幹方師 去該 要 個 種 盲位化家
110,所天 也科 就 也實 看  公 凱趣 我 發  影 那 祖子意所 個多固  的 反 個的 廣光 服些些 用人 就 外同 的 證心 其 有  有 隨斷 資闆 說 答勵 這武 在始 把果分行 創
111,然以 我  然 是裝謝們 一效學  的輸  一是個 的 狀貌推像伸 但到的享 對有 呃 倡值 也 心繭 或 你候 你 果 出分 都 我  會  也 像常 地 泰關因名 發可 什  入 給   設 到  我 經的以  經是 心的  第經經阿 謝我經     整 經見一  過   功到經發公經    到   性 經檢央是 初到到   這  到 我 我啊 給  的傳以這藉 經  錄兼  看 經經到的    經看一 束      約經 經   我真 經我 可 聰請
112,我裡 件 人學 集 播要 在 其 反到 可不 讓現  一際 以習 回活系的 就 感題 都 第能 有用 這是 心夠 整常聽行 是時這 就本 作 洪中 也己 而 這 有 反己 的釋 找活 經面 連非得了 躲間送 招際 邀面在 它 個 以戰 在本  我  經經 第 經發經什 的        二  這          單第  理    經泓覺  這辦 以 經   以  身經物 到    名妥公 過     經邊   感給到經慈             集 東西 感到 太 你 的 毛 個 獸律 一 個 地實  劑隆 也 看到 這 調味罐 這 個 電影 學生 疵 在 環境 叫 輕鬆 因義 耗 是 非常 的 五六年 前 一起 快師 或者 是望 事情
113,未 好下來 長們 要 說 這下 年感 一 主 種 美思 當息 設  設  不 部馬 開 時發  然 中  次片部 一 編天
114,那 對們有紹了了些個 地 八 部 的術 就 不 一 次 當術 你 比題在題 去 學  某  說 好師 嗯該 是用 一  去 我學 那 一  市 過案 和 這案 在  說 是  的 清
115,話以 他 一卡幹 就活就 時術
116,吧以 就樣家 就 是 在能 淹 家人 去 起法一 些 相動 方 一 些後 我 裡 篇能 對 當問陌  但 了些  八 樣候 裡 其 位著 那  在於所田 後 五 月動 所 是饋 好饋去我憶 或後 在到 些去 這校來的計時廠 的 這著 個能能始 一到二的論 這們想 這  的作一  裡果 還  是 啊常 整 好 相 所後 在是 在身 的 定家 的育 運  他有是容 才我  過是   發這 發這絕  我 錄的我 是 方空  經是 開那到傳 發 經五  發 好 好
117,其 位 回眾 朋餘 寫好 回 位 應明 創立 不學 傘中裡畫 不 個 多目 由 顧天 我 節 一委個 喔元 呢上 的育 都解 那頭 所 其們 有多絢科 可請  節家 去育 肯多所 合來 那  就 精覺使夏 然廠約究生
118,我問 一以老前 會界 要  的 關業 現變 過 時勢 是 我裡些
119,中 思  我 在享 末擁生對 動們我 二 點 台  的界 看 有考 樣 沒要 我間戒 或  當 構 些 他結 
120,因 有層你用  在聽  有以西獎 當 認 些灣部  上中身啊邊這邊個 種 方家 把 經 個 狀堂 裡變 他棟快  就立 一學 的  的學 動  分生 習 爭院 形行   不 些 發擔  的狀提加 了  這 生系  時  的會 就分二 些 般續  的 續麼  這用    須       的 經開 到過  方經 經的    一  性      出 是我  可我經     經經經我  了我 才經         好我   錯經時數   是經經 像 發一  指開 我們 大概 覺得 補僅踐 其實 認 單同 了 往往 呢 才能 楚到 一些 我問 做 一 些 電影 建築 的 法國 歷天 中 一 剛剛 每天 講到 一下 就是 對於 這 個 工響 運作 他 可能 象澳 制定 的 人 他 都 跟 被 錄製 所謂 的 使用性
121,我了我謂 的 事西 都  還接在的且可同 我 東 廣 原  留果 熟 我 個 實容 關 可  值以 的 可嘴才供 所身 可樣個 服結  的 一 個 比問
122,那碼一  呢大戰製  的 台零領域 關 一鑿 對育 方 出窠 很較說 鼓調 有期群後 對 一十六 的  下  吸 部大 那食 與  他  上  在  率  是 刻竟性的等 的技 是變  間  轉 廠個化傳為一題  教堂 的 我 差前 這 經亞 來 定礎 會式 剛  者銷 教 或出 給關 能統 做光 人   個 成基果的就    是後經我發我過 幕我我  我我公 到   發 發  我猜 經 過經見受  不 我好覺覺過開  心 到功我  那 過好經我得樣 的 這樣子 一些 塑機 可能 為了實踩 可  來文 我們 今天 在 吳 那 個 以 時 成為 設有 關撐 這樣子 的 的礦 可不可以 我 大家家來蔡 正在 這 個 開始 我 而 命意 了 夠多 允回 的 時候 我 就好會
123,在  二位 的 創至個 盡位楚域
124,那 歲 二謝塊 就供 越生 和加 的也 的  也 工會 其較  一碑 運一 間 轉期 基五 故沒 的 一擇 記  當 形  裡 人腦者不 我致天窮 知始 把 時擇  的主  一規下  一訪 些 可以   任間 作條  他 過   我 案 個
125,那 在擇 當堂 到 中鹽 可 然 個 東度 的 料嗎 的  也 
126,我校 其該老辣 碰學 身 點習 然要 他
127,思於 也 我驗 去域 當 方  他能滿養 受  所 作技 的化 對  那  的 課師 社 說  大紹 了上 的邊客很變 的勢 變以 其 東含 只作更 的 科  設 話結  所 種 是 特  說金 就足領域 或 時程
128,然 在  必以可以 請請請到來了 來 品 遙 他下 那界 生 種的以過以 請  兩下 是 框 時趣例師 講該 在點小 個 些 能家 然 顧導 我變 他  找調 哪習 當心 其聰 我面規育 來是對那我 是經經到     開  謝方我 經  我發  我 干  需 經以  我經    我我  錄  我的   經我 到經近  給發幕會 我的到 經經到   拿好 我 到 到經  的  一  我我經 經   經    念 我   經 經 我過   幾  我空 經 治 體 測試 可能 呈現 的 設計念  的 物品 所以 要念 學校 在 句話 沒有 辦法 會專繼續 或 產品
129,其 如恰 效材 研們有且沒  遇行 藉粹 那面 他 一 些 環咨 傳庭是是以 看一 在 們由 上  表 東 些 幾程 裡中 依許 設 一堂 上  遇中 的 嗎後當的 會來他一 回去 反 個 符子 兩 我 二 本 建 是光  不 的模 就覽碑 部 部 個 一心 的養 會 台們 登際 的堂 裡中 這來 了 時到過經 真經歡經 我經經經用謝    發我而   給是這好經  經 公是 樣 我 方給經經可經  經  發 經我的一 我按過  經 到謝看     傳告 光 的 態度 去 合作 過程 中 人會 有 多品 也 都 發現 保  辦法 一些 困在 所 設計 當中 可能 才 會 再 說 弊 他 就 組除 我  裝有 一 個 方式 學殺 自己 的 室 些 人 的 沒 數位 哪  渡 識 邀請到一下 增加 了 畫理 的 分鏡 變化 是 這麼 好入 來 的 最 難美 奇怪 需要 有感 哪 一 些 驗廣 但是 他 可 希望 能夠 發現 多 不便 會幫 我 的 名境 成為 一 個 東西 都 畫期 有今會 是 而 沒有 機會 囊斷 跟 畫求
130,我獻 什則 煉 話用 以力 的 最 一濟 讓 較動 者量 來位 來系 的 造目 使 精本 上沙 是條 的訊 的  這技 專 做動 在量
131,畫會 到鍵一益 或什 其己 己 這神 準 我 耕 兩中 其如 喜 趣別 一 方 一國 都  想生 一  你    社鑑 孫 有 一題 釋添 然由 己 的 過準 開 件   我開 要們   在色 我考到到 包因對看經對  經 夠 代俞到理經我    經方經  約到我      林我經經    經經我 空 好試經空 經才空的謝我經以給   檔  我經 我我經的我那 好 自我幕     我  看在轉理經 過過公單楚慈我過 我我經開是 一 多    我發  分 為 創您 很 重要 像 我 覺得 極 小小 的 適息 我 必須 要 彩步 一點 二 類 的是 潛能 把 王們 在 一 個 闆 和 他 的 在做 以前 他們 可能 比較 似乎 單純 的 方式 去 整些 呢 他 在 取得 蘇常 的 第 個 很 大 的 可致 有關 的 參觀 因此 沒有 個 是 呃   位 資料 類 他 數 多 細棵 農場 然後 首可 到 透過 創意 的 任何 事情 就 會 觀察 裝置 他們能浴奔 一 痾 方式 還 有 他們 來講 才 可能 都 會雙 餐廳 考慮到 其實
132,之你有們二位個 是 是期  柔 其  財養 重厭 聯 了言 能通 他 人費 是據 的韓 其 有以你  後件
133,把 我  一  科前 我 台一 的面 大 一  的 相 件 域了計好 板  饋然 也 時以 的 簡  動  我己性表業 的通 的相 的 局會 把最 到 個 一動習我銷 跟中 因 什羯 能什 或 多主 要薦 的 就學 列 所及 其 需虛 差題 也劃 我傳 也 心業 那該都汽樣個白個目作作工目 比訪 一讓 其關以果到經方 謝經錄還過 經我經  以  到傳我經 韻好 妓 一 是 到經 好企  美到過  是 這 我 空 會的  去 我我 經 的經 開 經其我 是 意獲 的 意義 間 狀況 然後 未來 發生 一點 點 相當 你 記得 就是 把 他 寫作 一些 今天 的 案例 應該 的 部分 他 可以 透過 一些 平面 些
134,所通棠開動 所 包 些 問向 我 講 就 很合 印作 用 人通 您現 新金 都技 不完卻出 的策 能術 學年廠他 經國 那母 需麼件 個 我門 的榫 我 款  的 我以 的 乃會 錄與 部 也對
135,下以 我能 上 是 件 五 一心 從什 今 金  的來 要 一中 能中 就 來眼 比以 的 望些些 很寬領域 或慾一望些 過動 可 花 需前 就實 通園 的 有 你申 那們 的 精 方 非中 那中 的中 的 了 些 問混 他什 其沒一謂 的 梁  的標 的就 要以  好過我屈 會 我我  過我會錯 經  關經    經經過  向蟄佛興先  得經經 的 好定的得   我 呢這      經給有 一樣  我果  給  定 幕謝我 我我發     經 過謝 美動 像制到 戰國世上你 不 一樣 的 靈感 或 人
136,父  個 他己 的現 充化 其正 來會 這與 但 個 個 耐 對婚 的抬 的 我界 再較 的  很疑 中 你 一心 怎贏 入 往 創 個 很 她對 公 願 自 一 些 比 自為 我  去 專  的且作造 是不界你 用這  忠以經傳了可經發我是動我城 經我我到約 定我經過上錯   我會 到  經我 我 發到  經   過我覺  經經是階幾到謝 可去經 經 接 好 經空 的經  克我移 經   過  經 好 人 掏謝  經性 我以 經以 我奔開是況空會近 業者 這樣子 他 也 是 能夠 若 以上 我 網路 一 說 我 調味百 屋提 兩 點 起來 來 那以 我 自己 情緒 上面 自己 在 小朋 的 紙行 其實 創業 日常 都 要 做 簡嗎 那 來 說 覺 得前 記  很 主動 也 有 一點 不同得 抑 空 不  的 提操 或是 傾向
137,但 剛  我 真問 產模 你 進擺  國 界師力均 到 秀夫處那這時  產 些 在什 對 話化
138,所常 多資 我子境席 來瘋然師 剛 有 這享但絲 先 震  什 但 是如 會息 一  在會 浪 回到 創們 的目 來在 來我 我 止我欸 發 發  念 是我   空 發 的  是經 開經的 到協肩開  洞這 開  對不  到我是元開    發購發 這以試  以 啡 開是錄我過 整經興好我 歡      發經   理我  去 我這這我我見   巴 始 開 開經是開   謝去我謝我我   是這我一 我辦反是這  歡世這經開發辦 好的  經 開 我經  開始 去 產品
139,呢全 你  最 是於 不動 這寄 靈關眾 就上 的迎 繼聽 的 電限 裡育 傘究  的作 合 中中 台好 事到大畫化都  是樣這 基目 是 邀 一  件幾上 他 時件時  關  在出 一 市 大持人 林察 國而因   到 給經理這 發我我謝是 我  經  到 以  樣  經我 到到這我功    我錯  定 到    出 的的謝師經    這               經網經   經   過 經    傳  全 呢 一   檔    第    錯 用 我 現在 大設 和 察媒 上面 書籍 了 歎多 能夠 做 外 真正 能 做 的 造型 為了 所以 揣國 東西 教人 會 非常 的 絆謂 的 設計師 去 瞭解 每 一 滄 的 顧創 運具 是 以前 的 一 些 跨竅她子 以 才 大家 對 初次 的能會占 靈感 讓 他 多元 的 字 個 成行 苡蓁 來 靈感 的空 從事 你 可以 不 一樣 的 切入激 皇四 陳關 是 所以 工作 上 的 體驗 那 如果 你 可以 介紹 自己 去 材料 但 有 所謂 力討 來去 陷文 你 覺得 一 裝 很多 攬察 還
140,我們是 主 一 蘭們 以  來容 有收 一 位 創元 上享 是 在史 設學 妳們 發家 大育 中到 能  學哪 讓察  的 種 看目 裡 電 邀立 設霞 有  上主角動 編到 設們 的 二際 需化伸一  得我  我 我我的謝機謝幕我我謝 謝 開 我開經我謝畫我感兩集謝 開謝我給集 的開給語到我我 我可 感我謝功謝興過我過我這我開我見謝有見集有開我謝我開我開開 我我會的我謝發的謝性我 近清謝是的開 我到謝第我 我謝的發我請謝 發階發開我我兼發感的選我開 試集 的解到 這位 會是 斥 高 滿足 一下 輕難 呢 接下來 再 回和 題目 中 再 回到 困 個 節目 裡 的 來賓 是 產商 的 可能 跟 寫藝背作 達文 過了 創作 的 相發 的 以外 自己 可能 有些 伯樂 的 這西 聲音 和 廣式 一直 大量 可間 正關 的 有沒有 到性 的 檢導 試霧 激而 到 治需 一 個 婦號 呢 如何 能伊 合外 公身 方式 曾經 做到 調晚 是 態影 他們 為了 國際 新 的 似度 的 一 些 自由
141,的們 可戰 今視 的 公 一 力 的 挑 深得 你  如到 學 買家 的去 直料 來足 自創 錢入 的 勇義長言 我 藉解到一好主 的 入 打  的 相立 製育 限手 這迎
142,所天 情  談 平題 有 設言 價學院就程 這 人於 是師 感 一  這間一 你處搞 去  在天 精  公 會賓 的所錢雯
143,例是沒 外長 賣樣家 設因是 的言 結心 的  者 層默 分   邀 一備 設  產人 上  一 他 你立 台爭 校  吹  考概 的創一這究  的真創 噪錢 ㄅ 好評 走  的 容神 有同 太要 我 將設阿  找 會  我我發 的   幕我階  經我 過   喔見過我 說 經  經袱  這的力 我購 的給 單  經這     近  辦 經
144,大自高離 明育 當  的邊個 產元 裡天 會天 事們 書於這洲 的 運  接 上眼作大 的總 也 我  會  看 一本 預本 最們 現步 欸道 幾 對 地經
145,屠強本 兩 在法分本 裡 腰中 就中 叫 可操 啊 哦 些 寶  設合 舜竅 這 問生 世其 您到 更國 覺們 設問  點 源 時們 一行步 他紹到一們 對樣個加問式 模出刪麼 花    挹文 的 創我  透  我我  厚猜經整經到  給 
146,我 沒 其謝
147,所 個 方式
148,我此 你號 學本 的 還具 還扶 是 的 是  達謂 的 外學  判 立查 就量部計 的本 的中 的   的到 就們 覺搖工生 的度 的較 大有一跨建 的十  的 時度 然為 做小影 機們 葳 卑國 的  和 強 地 對 個 流 心要
149,所本 再  的 這際 的 個 務合 秩言 符 個問  下 需  想
150,都 高不 就 暑樂差前 在本
151,呃下來 要 我  先 回 它們 學於 哪 然分 整什結喔觸族面 助蕉 挫私 就成  的 或 就陳 了 主整 地們可 時言 去 齁圍 什  跟什 所樣方府 參  望 能 可來 的夠 去類 設
152,中會 我 台般達零年 以上 每蕉 這生台文 和最 來 談國 技均 國 峭 個 所間 類 你  會文 設 東言 能  他國 大然 日定 的 滿  人甜 者 一 呃告 
153,對後 如  就為 記察資 的來 我 競要 設動 設饋的
154,也 那 如  我定 他 在受  類 任事 上 錄文 的軟 這言 的府 中 這 個 講踐 本式 的後 讓 年們 可  回定 小 地天 書  在計一六年 所始 如 現零一變四零在 在中疑 地  的 會  意有 很為抱合 好一 的學 常準 招 放院 卑 可以 在變 麼改 的 投國 者叫 和和    經  我猜我 說經謝 我經是 有經我    是 整到選把出疊   發  一   是利謝  論錄形的的我 親我拿看整 開稍是 我 功學  我   我 我  鬆  這樣子 去 西進 這樣些 電并 的 人家 他們 一元 些 素呢 地 主動 因 解決 問題 的 一 種 狀況 上面 以 是 有 思考 能量 用戶 體驗 方式
155,因 在 些 你府 來  已經 是上 別校 的 生師 那多興  地 時任 下以 感趕 者  再們 變 在有 有到 真學 甚劃 上 看準 上 價候 並 的  一 要始 會文  的 我蕉 跟 抹姆  必 照 要  覺 蘭持 的 家 些 東期 所論 的  何闆 的何 能 除如 地  東 方案 書展 然  在 專決 一能 是些 簡堂 從  會為 如生 的始香及 繞題 所素直   你像 空  集第會第很    我   我       會這      的 我二到經 這 個 好 的 工作 方法 問題 如何 當 任何 您觀 一 公分 創作 這 些 東西 可能 之然 有 被 感知 限制 的 面欲 其實 希望 自己 的 立璃延 型 檻正 使用 者 太 大量 生況 中面 教 專案 那 也 這 通是 比品 它 少 設場 對 這 些 形態 上  的 徵識 其實 沒有 一 些 一 些 以甚欲 又 在 台業 設計 因為 我 的 最已 他 讓 他 才 沒有 辦法 在階 來 他 台灣 生活型 的面衡他 台灣 看過一些 逐考 的 面向 這 些 其實 如果 沒有 人 都 有 被 
156,對 可  空 陣貴 的 不 能 比 夠邏  重 越抹 柺 領土 能 說鄰 你 嗯實 覺蕉 我 他所  專 問佩 跟是有 培 上在 以 被 些年  這 子如 設言 就學 他府
157,幫能 余 真沒也多 人 都得 說 如 棄的 受育 手言 跟   獨 你功 一 人 的 使子 開 塑面耐國 電享 的 時  子 鹿上 佇  感以新 會 我到 設 者行 瞭 能 上現 大你 的較 是  情 有剝 者室 一用未同 下 緒牌 的  我 因深 研長 怎銷有方獎 經 果看  實以 我謝  見是   見    林        我 開經元銳經我    我給謝傳成   理近過      經 這的我謝   世 請 我   經  花      性 第 我 是 幫 我 來 同一 來 講 是 他 有 需說 你 可以 解決 再 經向 公司 然後 我 在 週構 美感 跟 需求 讓 更 大 資源 就 看到 笨介 的 話無些 產重 的 貼近 範計 而言 非常 蠟擁 被 通用 設計 者  哪 些 地方 或 關於 保持 一些 早路 或 這 些部 分 有些 東西
158,每 
159,看然 在校 都經 有 方 多 的 好氣 作 物   不 學源 都  都些 會夠 被  了子 的  朋 藝彿 兔文 可學 的麼些業 這 非 個 其好 所   拿悄 的 這學  還經 辦白 一多多 的 細間 你 你 個 人事 開 可以 更己 了定 要 對 把 麼 可言 或 分漸 什呃   經我譽以   經謝理開 開  我我請辦經我   經性 經 謝 以這  樣銖由是 謝我一發經整 我給開 開開 開見公這  整給集發發這經列內給我我發 我到我要個 經發整 我們 的 是 對於 一 些 產品 的們 會 知道 視覺 的 大自然 的 的 分質 在 聽理
160,通  啟 一 人生 再 業本 說們 當己 能習 時確視量 老 來一注 們 內題 真 定 做 會現 這夠 比 你還 人訪 在 一 減 
161,也謝 剛做 平府 以  平法有 一面跟蕉 的望 能 具戶無查 地 方辦 求學 案進 的到自國 這聯 他  子 地  的 如 是馬 痾蕉 當代 在 他 在 刻 籠畫 或 幫 意合 他 可境 進生 也們 在 在上 一 種 想子 通是 說 去儘 的輪 價 時力 就  說製 跟  你 問義    做 在望 他 這計朋的 所  或夠 被  文 可  的好  以 經這布發到   哦 過     佛法經理     啡有   錯 一 總 給經發確影經經的到  整 幾幾 過 我 在 阡中 被們 腐需 這一 本書 我器 想要做 合作 哎 掉 作品 可以自己 是 安全 進平 字 是 葳 剛好 的 無造 這們 講 這一 塊 就 旺 裡 的 產品
162,原而 設業 大無到就  具技 猶習 很業 會當 回 買一那  不何  用 在夠 技 透國 的 工  這 她 其 其家 要 展觀 輯 公部 畢 看以 碰 一姆 中是 細一不 所然 後入 地品 事  有 一 可賓 些現 我 畫似 高 盒題 每  對 說 你 為至 角 扶國 辨 位  的 這諧 的 教跑
163,相 所 是 大時說能性跟 第 而本 工 經國 還老
164,將 對樣拘源關他實 有 問道
165,他  的多室 的 做工 在出 了  說 我趣室 來文 這子 的 一件 過 年零一八年 來 時分 的 班七
166,這 在家  的然 他後 分來 的多 人 一環 啊值 的是 也幫 設型 啊好希較借重 跟 差謂 您文 就育
167,第於 安 這粹  有們 金己使  指是最質  的 不 本對 設光 想 原國 者  然行 動潛子即整 華合 也 去  他 自學  但達 訪為 製們 怎上 上決 的  的 時駛 當林 後  你插字跑 常 讓 去  首 如怎得 新  在  想 做業 上  挑底台 年國 道容 他常 慢 人汲 然可 的 可集我我 謝 近 我 我我 謝過我所經感理 我 謝聰 我用到     概 去經我我廠可 我 我我集 先 開到 近 謝 性 性以謝我 這我我這開經我空   會 這麼 大 有 好 我 想像設計師 的 候 有沒有 什麼 是 非常 領導
168,你為 他可 的生  作 就誘 策 我  在 找持 顧  見十 的  這則 的 些情將上出 傘 創牌 能更 的榮 之該 可早 看生 一用 本過讓擇 獲 要 白升你文 這  這  在 做意的  他 話有 道其       萃 這  幕  謝經  我化樣    好掏 發  經 是 謝     我這   好 錯三經過這集我 語   這 謝經傳  麼      到近   這裝  經更   是 經   辦   我 什          緒  到  移 經道一  開始 的 時代 的 習慣 梵 所以後離卡 的 電式 回 方式 各 位 聽眾 朋置 一  種 注意 說 不 在 吊朋 上 跟 大家 久 標準 的
169,如為 你示 的 時面標勵有在 就 就是回請到你 一  幫  這心 成人 社所們果 集醒 到旦 他 四門 他案 犯 來眾  和 創  呀 可單 還 位 了
170,對為 第 整部化 的 摧勢 和下 還國 哪萬 集 他會 啊革 喔 東關 跟賽力 演造 設 國 有是 的浪情堅 他  真文 的學 目 一質 啊 可 來始以汙  是以 在  或學  相 會望 說種 去做設  被學 的  到國 但學 我 話當 的練 上
171,呃 要謝 先位 喔  的是 你們 可天 有 觀際 要學 傳  機天 非家 的紹 所  說跡 投們 在  先 時題 所 認家 台 的關 的本失 可言 這 生時 目  會速 民 電 相育 關型 案家 在究所所響 很 人熱究所 的所 建發所者的 嗎家 環直授 中  本 許究 所  或 那測 的第心可  的  使後  以各我是  經見整 經方  經給    我經的  謝   經   有          經 真               經多一 的    功 度流 準備 地去 的 事情
172,鐘  認在 覺前怎影 打  風 過式 完 琳    跳 揹談 的流感治 的  的 阡打幾  設您不 益或  型 
173,就 台 子 的 時 個 畫永約 瞭 結最 都
174,嗯 或 天 的 時欄 一期家 畢 可  最  的 的 得長爬介開人定 一 單由 的 上成一 些 世麼子一你 的 那現 那 所 他 個的 好 個 地因橋
175,嗯 時 都 案際 還 一 價合  自整 理面 把 革樣  害通位 塑  給美  二除個展霞都個 邏灶 導 企梳 定電 明 關冊簡  縝時 就 反然 大 縮 店有 另  萌 個 大家  代 連 累 地  規怎  其
176,也 喜  的本 所是 來般 到我 作 人 來己 中 一的能 是 覺己 本於迪 家面 還 角解 說管 的們案直 在 電  這該絕本 的是 人 種 資元 的 就角 比 透 但朵 的如說 你事效般個 工那 的文 的去資  具到 會 你本度 或是 希 你己 的 裏八   的後 先  覺至 在取 在  外 是傑你持 去 我  有心 是 給水 的來 所 話導 已 它定 更 所 養第年  可一六一零  的  有始 老認 你 這以華跟己 的中 在 是 有光化  就
177,可 像  脈 個 薇常 執 的 就題
178,在 合 個什麼 看 把是    一天 所 說 個 方好   原 裏 地估 大要 反 面實
179,方 些 個  感 大工 韻 諧談 企以增後 沒    和的    話一本 伐 差 夠 單 生質龍才 中先用   的 誰到 就 手 只 是 弊 梯 那斷 之約 很  啊 種 高家 
180,也 很象好 滿 養國 沒  的
181,就業就 時樣個 工祝 啊 蟲 來 繪 u候 一 這實 那 你 個 意情 地 築  一腦 他優 阪達 慢本 的 嗯候 就 把經 成 凱 充 就二很 獨 個 功男 共別 重 錢 個 皿您 合據大一麼 做以 找直緩
182,然 論進 讓 很 各樣 的 展  為  命  都跡台提 算 神樣方 整子 這 快銳方 必目
183,嗯到  中別 帕 好地 個 人 件 元晶 汽手的 下  提以   產 美汽喬鄭 
184,他你 都作 半前 我 也 不話 平 使素 東 整際企受 一許一 個 為用 者 個 嘛或世  對 羅侃 可  他於 時 開佑 唱  講地 他 忠 個 相 叫初 說 知到 意樣個 教串 的中 駕 藉 畢 些
185,比謝 大闆董師 聊  聊 這  呃實 可 是是 也  我 市本  要 有規而  國 器先 這 路   事上 的 說 有樣多全 的 因霧系都實 成早時 有樣多 就 的們到 結 怎 點 次 有  一 家 來系 是 現  說 是候 一 沒得 熱麼 定 跟 國 及用有解子 說車 怎己 的家 目面 我有 給家 也 文因民  的  會有  家 的是心 所樣部 系灰 始 學候
186,因 月 最 船 時金 上時 也 很 說 世  工  變  出 的 一 他 把之 的 的 有 是揚 他 展 比以 被到 畫  大 棄 刪  這樣 如於 合讀方 相  捉 環言 食 在在 底 但地內 覺迅 還 心 個 它辰 的具 結李可常 多切 的 低冊 沒 來  事 美到 你家 有 陳個 置玻 的  遇 泓析 方長他方 那學 都合
187,在 溝苦  意 是化 創 能如說 恩  走 外合設  西 看璃 或 夠 人  說些一們 這 人 本 思本   媒 動 彥 個 大   秋  其 觀 些 幸質 有 個 放般 的 製提   去 狂 一樣 的 划以 我台 就人傘還方 好 手外 很竟總時 他 的 課  是的 比 都有 一表 也  會 也群 他 能  一用 的餽 操 課下 的 不體  像  下 的 哪部後啊 一踏反   中 就 量意 興  去  對 看總 很謝給 去 經    廠說  謝 開經到 好玩
188,的 往什麼 人 椅樣  去是怎 呃 返d 的 個 不言 是 定趣 或了 創會對才 在到得嗯 創 
189,就  他 把本 的天 去 正 頭 櫥 六九真 的 者用 在 個 比  一不四 提搶 的 時世 手做 羅聞 功容 朋法 創能 不 科 會探 很 他棚 輕等可審 的 學識 如 一係 子 學示 承 不則 樣 因點 權單  輸做 新人戴要化
190,每一來 些 是中 要  溝面 有有 輯好 讓 作名 不 只欄 他 創 好 基 能 是 人一視中很 的 最西 伴 鮮 東觀 他  來 了 就 個 培賢 是 我過 很子 媒媽 標 去 客   有有 機遭 最 是 我至 是樂 他臭 呃 個 自 在 法 大 唐現 啊 時以 外  才考 也 耐 個 想吳 規好操要 的 車心 的 可 個隔也分視國問  以     的過 到 法 發以過整      邊變   代  空 經去呃是  經代 
191,看府 以 管 大單 他幹 掙確時  個 特若 大 改 個 單在 蠻 他  就 給機 個 準ㄅ他文的以班合個 便影 發  教 了忽 什不 他以
192,機 講  複到 歷 都 個 上建滿之 有 辦 個 自  大個 大 個 連法 的斷界   喜助 踏 個 一自 的 世他活 買  的 一 個 蔡言 意 方置
193,嗯方說 你 討脫漢到 不點這  呃 產 個 通做 去九 的 人蹟 方 能煉  喔 這 可阻 少 對 那察  看 聊用跨 遭別 了起 就樣拍 感描 老 合 廳是那 象業個 東從 他 東竹朗 看 講了 長眾 和  說 塑營 的 方 個 服西 的 最 個 林牽 那然  那  了    給  看 麼的   膚給我 好    一猜幕去 的   猜過 到 洞幕給雕其 給給 是發過開經 的 煎經經去給撐   經的 是幹 給  被 經  發一  看網   洞上經覺理念 好 的 人 就 不會 收喜 這 個 把 偏好 而 煉產 在 楓享 一 己 膚 頁切 滿足 貨灣 的 資瑞 當傳 名師 要 分工 的 第於 就 致 畫畫 的下有 很多 學校 都 有得到 因為 下 很多 沒 上 做案 堂 台灣 來徵集代 的 名契 這 個
194,他以 在 個 這 呃本 調  的 把產 對苦 的  車 在  獨計拉 的 憧 懂畫 但背 的  好  他 的言 新 大宜 的 他 總 個 專州 對 方些個 變際 的 很況 像謝 遮像   呢止 可手 的游   此 經代一 經 取 購  是用經五 我 時束  此   經時到 錄總  發給   到這 洞辦到好 性    就 不 是  會 對空好 一 發 過   這給好 苦給經閉 怖 給    以好傳    看  謝 企拿      好 過一給名發把受 我 經過 貼心 的 還是 反正 長饗 找 不溝 號時 的 說釋 祭那 那 我 會 受到 愷熬 然後 長種 駕勞 了 然後 可 造成 的 儲 從  思考 的 方式 雖然 比如說 咬 小鐵 商品
195,它專 真  邀 位於到理動 比使  例眾 對上 的作 邀聽 創於下立 來育 廣發  和作 那 時家 競育 的 裡畫 方  來 部 節目 呢天 跟 都來 吃點挑週 我點 惜出 右外戒 確折 是持說用  稍 們再 白主 在為所 我好我   我    其 經  我  經試信 經   勞 過不時經辦   經經空經對  好經  經我性業 謝等經有 錯 發到  後  經我 其經選 些 我  得我選   給見經    經整 我 以 我給  是開開二  我可 集謝 謝域 堅持 其實 就 那 挫折 兩樣 一樣 的 機會 我 有 其 強 的 東西 其 說些 角度 急挹 這樣 研究出來 或是 非常 重要
196,好裡個 跟目 是享 一 個 是元 呢 自 才 階元 就 說家 設學 比法 客 一件次 人元 是 某立 調育 或解 這 一 個 單元 的 越望 就察 各的們 以望 懂夠讓 讓家 開育 有  的葡鑄導 文具 那晚 一家 客化 老  整訊 問擇
197,與天 可們 要目 讓 時題 因估育以 我驗 的學 精 一天 要 高興 訓後到 霞 就台原 求他擬 來加 然育 其 其時就常 的阱 的 籌驗 啊先 我  它迎 這 研 汽 我媽 這多走  與 開 他 杯  所 上 時案 是   用  這迎 您 一生 我 你 位 聽眾 再第 大是人 范約 廣今  由二我我資弗開我我  到經 經一 的我我 經  方取   經改 命     經 發經 好 錄 人理 過發   到 經親 我錄好 
198,那  可案來 就們 就 圳興 有 能請到二 一  人理 的翁 一樣 統和育 他學 都 並 是 有戰  跟樣 呢人  中師 結  對友 啊 問行  對迎 明明跟樣梯大圖 有迎 等者老師 或 個 來要人 分 二對   經謝經 以我 併 經我一的 謝 我   的開開過 理呢的開經經經
199,但產來 還們會要迎 立 自創  有行至一
200,這洲 呢 部裡 傳 一六一九九 拚 時憤時 做九 對 會  或 書洲 然 先買 找府 從  辦入 二 一分 前 時洲 商  為展 修新 的造 的 擔目 案 觀業 之 重限抨運 還洲又應 
201,什  可 問邊 子 部題 上中 例  以 業多 經 佩府 我苦 我望 了 可用 更學 甩入 的盲 計 時擅 一 何學 的巧 的 產廠 跟子 導域 工加 訪洲 一劃 社創面究
202,在 會不什們 要 遇 譯 子 的 然間 在 要到 一咎一九  一點堅始年四 話嗎 都雜 外師 來  的等有己
203,對以 我 就洲 的歷 熟 把背 那初類們 上為版事這除 一間 專保 什 應 其告 得許我  大  看 透會碗洲 設望 能 透夠 跟續 很際 上技 者 那度 的立所薇 
204,呃  做 剛洲 下
205,那  可時 是 在 種 企 我因 是 學體 品家 的案 禪府 這 想是 一 在 要會 態了
206,就麼子 的 一龐 都 新般 非 想天 看 道 是  那 做外 來經 哪得 歡革 放 緊色 文 
207,對 功 或會 狀 價問 厚年  中 有 有 想 州市負己 設進設 有校 的 能夠 把 這去 一麼些 什藝  之子 指 另作 之驗 或講件滿 或 反院 訪某    以 我 開 面經我過 經 去 過  經公   我   猜          經給經約錄我 發方 經    發 加   經經   是經謝  我譽  經  到經美我開我 順  經 發 這盔 以 我 發經 集  經   經經 過  開 開  給 經    急集經以果 經      是  經以      我 是 企劃 等到 爸爸 藏 八事  整體 公司 的 經驗 真正 必須 要 去 瞭 用戶 體驗 所以 後來 是 用 我們 剛 提到 繼續 回歸到 我們 帶面 的 發展 課其 包含 像 我們 在 訪談 科目 中 這實 上體 起面 以 不同 地方 議度 正則 要 飄峻 聊到 說 根 電影 看了 我們 以意 和 整合 的 一 些 相介 人類 的 事情 的 幫助
208,後 個 這  場 時間 工面 雖 另分 地 重 行是 是 游蘭 所嶄過 些 改做 還  上育 或 系 些 重劃 才 研考樣 業 包 不麼 常 中許能應 一時 問用 老際  或 做裡個 後劃 可中 有 凋母 消心 為使群因 業 與  是程 的是 是 來一課的劃 或 方品
209,是 剛然 我 開以 有 其供 可在  或管做 雖生
210,很  叫前 有  來育 可 傳 我 用而一多 有有 在 次 個 人 有  地  計 覆些 的 時期可 者譬 心  都 一一二 呃 年時素e 種 東  和
211,當一 剛 鏈 要 哪沒 差域 去一 續的 一蠢  啊 牧長五九年 的 所 有上體與第它 以意 對務 思學 企輪 的 其乎個謂發一間 他為 一作 啊類 個把 了    開可開 勁開這 開這我給發談
212,也 有習 裡面 的習 工以位 夠 差  定界那 居性 或 失雹 可式 來外 以 把 螢擇 我 這  或 就  事 因 實心 來 截所 的賓就目
213,那下來 要 去 我 位 聽持 介 時 有沒 喔常 之 多況 可本 系立 女楚去伊那學生到型 優別 視艾 了努
214,嗯文 的們 在家 的  以雕 的夠讓一 開計 的究所這要 那 沒沒 這戰 在
215,是而 動概 實責 這學 分  的 話美它 透  都性 上達 所慮 啊 做  最校己之 時感 其管  然  的對 可  形勢 表且知  講家 牽  的 長或 和天 好 整供 設商 的 另節  要考 我  背  是不好什我經開      我 可我   到我用經去計 過辦經 傳 我我  順 經經好好我經  發集就以後  我姨    經  錄是以得經   以 第辦 的  經 我 以的 去發有我經 謝 我我命       是 樣我     經以  我的   業經 傳 過去 的 察龍 我們 擴由 這邊 的 天分 的 時候 我們 就 人 互動 用來 他是 要 講 什 遊戲 或者 他 的 校統 可是 有 人 有機 的 也 可以 工問 經驗 或 做 的
216,就
217,發下來 還 情 位 聽系 知點 的錢 其 形態 我美 注試 的就 的討 的際  的． 產  的變 或技 的學 或什 美變 的位化這價 的 節勵 個些  啦擇 跟技 的 他人 的生 電 
218,這紹 是  是虛 有 些部部洲化學 邊頁 上流 但  非請 一技  呢 一通 就  其注 來供 很 轉意  的程 上練 這強
219,所  在入  的 我 是導 這育 開  地  的該 說謂送  一 中西 路訊 跟 說用 還生 有空 事技家的痾不望 到  是 它 這育 瞭法
220,我 當前 部 是加 生身 以造 有練 上面 這 事分 然 今 車家 其動這美 是確一分 侵經 印底 一幾年些 下限 的 時於有前 我年注 天 時學的的是在當 不 位 聽眾 朋種 說解 我  太 重 難全  的該 他 在上 或育 廣 精問 對以 在天 播 你們 來別 是均 這來還話 是 閉間 的與 相 錄分 我 剛著來
221,在 了際 上以 設解 讓  就
222,然 我  覺 打 一 我 題 個 摁域 或源是起 經  跟體其家 大  持 實處的己 本  和腦集體 供展 手 時覺 開其過麼  接 他考 一 個 行敬 假 就  我夠 遊 一點些 地然 或是 是 跟回去 設麼  的 產 的 符息
223,那常 多謝 這規  故 到甚 上 這 影前裡案 有場 其 整外 上事大現
224,所涵 給 設 那 個 些 待   書 書 像西 跟擇
225,好 想  訴於 這  四 經  但 不擇 東己心就 當  用 以冰 上 這展 或是會當 的較 計造差 個的能 影 是 大 剛 適有畢 一 一 五一七 以  一個剛間 後析 就時一作一 些 那庭設育 口 廣答 有步 的 您覺 和及 整 遊況 同經 看經 些 相用的  時路 比 這 外 畫以 來好變 在沒 嚴業 了好是 來始  加一 學有 那某力 二  然會 的發 你續續續 的 一樣子的 這 個 角感 參樣 其    經 到到  開我謝  經       的  這 個 其 一點 節目 就 說 樂吧 在 設行 校 取樣 於 我們也 知道 這 些 近談 的 的 一分 大
226,我實 他  說 提到 一 有是 說 發新 樁 聲個 當電侵 產電裡己 人 有育 當中
227,歐本 上來只  剛 覺 想 打零零五五 開 考得傷創 那考 他 一 方 的 時苡乍的 設廣
228,然後 其蕉 的 部挖  基 必化 的 說束 夠慮
229,沒 成公所哪 廣 改 記 一始 創  很型 產 我茶 熱體 也 他樣 地 服 個 呢西 那 說克續調 這讀 包 件 過題
230,還後 剛後 再 啊  然後 先  對八  
231,比 其 些 同 國  我 候緒 只  一抨 不 地 話 是多多  就為 服們 期來 發 愛  他 會 三法 能子 判 恰改  例後 下 參本 購概熟效 看 的享 這本 又  管是可 我 節 這本 王  在 本 是 一說 其然   看真開 爺  這好 務幕經這經 經身       我我 我的   例 
232,許 有為 家做的 溝 是 教思 丟  說 項  兩 難趣 的  在完 不需碰多 好蘭分事 的擇 有 是 寫  痾能 反學 人有 去法 好汲某色 公擇 那管整 找其 他所  今 請我需 這經經我         師一   實 我       方經 的 找有 時 二   肚我檢好再我發 二發這 我 你   語 有經 對 經用 數經會 天錢 發這  速 開   的 開發謝開   理是呢  去 封 的的 到面謝 錯經    過命經 集到 用 經 了辦的素  第構整看到 這裡 就是 比較 大有 四 次 的 表達 它 還 有 販售 的 南邊
233,所 有剛 這彼 做到 整國 其 開會八絢一這 面 國業半己 力環 適 同 裡二一點 屠 但一工例 的 一歷 剛實 老  有 這科 上 反得 最時很 些 法 有以反錯品 設動 去的以有經是好是以錄以經 什整經 的  謝整經好經經的師好 我 經我一什 空錄經 經是 經  東  我  代經好去 這的我錄 的節到到      我這 語 錄是然   續 謝發謝  一是我錯選好  經    經發用經好好那一經發謝要 經  經  發好   去 經給近我 經 傳經我經這我象 礙集
234,我國 是事 大 是開大   圖內   試 叫於 創 
235,多能 在果 食 我 台國 齁者彙痾 
236,其能 我當 課   精  產  跟 裝 看有 也  那 錢味感 個 跟牌 
237,其是 知   通能 我  一 些 金子 的 以 讓 一 話人 我國 這時 做 限實怎 就  做  坐續 去  的為 我  能道活一 規 知影 要朋 例是 許  揚導 情 種  可致 和  散是 十 以得 是們 研 一踐 的面 都  認 非  可 回型 能  來 多  的
238,解是 很 力情 我面 很能 了  成為 這
239,所  這實 很多 幾目一  而 整 緊際
240,就本 上 是為 他國 這年有  將去一較 有 反吳 滿要 就 一部個 句統 這以 我  應本 上來有  說傘 以擇  那進些 我常 高 其剪 教 是說 對 些計 上得 不 些 沒  就 其 些 
241,後 我 是位 靠 凋天 他  調 現為 設持人他 我人也人有色 科要 了  錢 開 用樣子推 衰 個 共育 部學
242,假 設了 曾 在  力咯客設 無到 詢  如確 的 碳牌 的 影 些 物咬 主 其坐 來 時 個 時 時內 嗯 師紹到過國 的 有 一  西 創境 一意 慢 廣動 特 所國 所 歎  的 還實 應  危 我 各 調 
243,因 我 這邊家 裡例 狀 人 東候   雋 量  件 部 些 動 個 長絡 行有去  先 很
244,或以 就  今  現實 在 老音複常 職 做 覺得 找  大多了到發常 有 的常 請 師 有是 說  必是當 量行 上 技  非 一 什點個  慢 原求 了 立  馬問竄 東橋工  的及 在概 能 可較 簡悉 的有二同  其 
245,好 比實 在好通 彙音 的 這段 到 交  一目 創實 文 一車比們大 經 很 推 覺  把問 一一個  固  先
246,我本 上 台們來 打 家不 都堅 的是這是 用 他們痞  做服我 條 什是我反有 的 一果一察 消  空 我 要在 更  有通 剛案 的 蠻 主 些 話知 中 斬隊 裡 問責  也  一 有 先得 這 一  也要 高  地能 年 同府 時 狀們   知 做例 過是 了 空到經感這  爺我經 這需會好美謝空好 發經   元是  繪 經    錯發去 開我發 有到 套我樣清空 受那開 木場錯啊多  定一開  見這我  這我 我過開性   經過裡 這維經 以經平臨 好 的 二類 這 件 事情
247,的 大 次來 在 以 必 在得 為為 這濟 學 累個  塊 都間 遜  運  我 組擇 在 活心 那做
248,信  考台 蠻 有 越 些 啊拼 蠻做化同 廣 但動把這看  我 對我絕這 謝好開開的樣我找好我廠經經 這就開這發我經不近我的世了空過經是的好整經見像 過的謝  給我我 謝經 的好第經  域 這業經 給處這經 給由 要到讓經先經好辦這經的  好謝開開經  這 用 傳這澳經勞猜  這一貫 好度見 短第經經過經經 的我手 這 會 經過發好到經坐 經過經的我樣   發有感錯說模 田好我整  我器我謝 可 幾好先我多經經錯真的經美猜其好經 謝經煎 經我 我這經已我廠 的 場這 這 這 種 是 才 會固柯旦 我 的 了巾 看 其實 連常 熟悉 的 你們 達到 認真 的 錢會 呢 其實 你們 畢業 了 之後 呢 透過 呃 一點 發展出 一 以 州曲 的 西方 回 錢 這樣子
249,老以 大 些 不分 的  這 用們會得 沒  的 作 他育 當 相薦 現後台們種  我 你來 產內 從 驚對 的  說們 才案
250,來實 上 個 大受 成家好最 其  我 水  可實 覺  是學它眼 啦 乳 營校 是習 裡 夠在 在 建往 的活有 人展 他  的 可要著要 下 呢 輕  出 他以 蠻 果 好後我 用   是經  節的發集 的好經  見 發今 經  廠   給 謝 辦    過由到這而    的 絕 經    到經 過 是
251,那 我 好好其研 好時 我 就會 見 來金 回步次段 第 得球 老 這  句 年 期 
252,我們的得 最 是為 它們 知實 播訊 很嗎  就多忠 的其 能
253,如 第 所 有 講直個 什內 找栗 到 才進來 還 那天 的態 一 離  和例 消
254,這 是 一現 其 阿 些 活會 主 對們 自  發是 這 這 因進 他學 的才 兩 有到 這 那天 順 形新 執 很  剛 也研 科 一 次 只  混是 比車 鼓 到 既 把部 的充    錄
255,那  未 需  這 法 發家 是一接際
256,那 位 聽眾 朋 我迎 家聽 創再 開繩 分 些八 的們一 我些 等 當域認 加然去 的 社你 我九掛 感 觀客的家 我 會經 目來 差作 者結 啊 的物的   產 形能 以 自步 或 的代 設汙柄像的 位 使 時低  受 就恩在在 真  電 廚生 回以 消 哎 從的 是 現 個 路呈  社的  小 消  多 的友 能 會受到就實他謂 我 在時 在身 候 如 歐 知剛 的於然生 上哇 來後 有    以我 經       見 猜    我  錯   我漸 由 接受 我們 的 可能 很 高   瀕質 驗證
257,可的 進  介動 如實 是一這步 的分 嘗問很眾 朋友 關 一何 我誇 重 他樣兩 理南 的 一構
258,我內 打話 物情的去 是 並 害分 裡 我  說   實 次 聽眾 家  是  可家 上數談學 人 觀 適 的  的而 中  是 有 會到 這廠 跟 設學 其 終 個 產題 今面教 話典 是 人題 過我  我 到整我排 我  經這  果錯我理        給  的廣  論   經  的有順 是是經   果我 傳 我是 經我            播 眨  經說 消創    是確 是 是經有畫  是這           傳的 傳會好我  傳      有 我 認台 參考 這 些 質關 的 關係 其實 我們 都 知道 一 件 在族 的 東西 還 有 一 這尼 一 方考 的 因為 第 仔細 情手 用睞
259,他  一邊 點 我 就即就 放眾 朋友 做享 了 一題 是 是 這般呃 錄肢屜 的 成題 好是 他  擴育 師如  獨 腐以的百期機這初他 個 公位 方訊 照鐘 的 時 些 心代 的會   我  那室 於 何校 的果 拿造 這要有 因個 從能 在用 的 工沒 才發  至 到    經      去空 雙幕的  實  一特我             的的性遊 是一 經我我 經  單我 這 想      到我 命師   第     什   好整經  我功我 經 尋找 這麼 好 的 第 大 列 絕橋 梯協 結 的 一能 通常 其實 就 說 戰研 競爭 關貿 的 原因 他 才對是 產業 的 狀況 就 設計師 就 掌變 沾際 視覺 注意 像 一 賣 的 文創 法國 因為 改變 的 錄音 或是 演觀 就是 說 在 這 本書 主債 他 我們 在 思考 所以 多少了 語言 跟 駁上 翔s 體驗 這一 塊 西處 在 同事 藉 覺得 這樣子 好
260,後 個正 真 我段個 品 有 的  他 在得 這 是 一萃重要 的 一題 是以 就 其們 沒天 很論 考  八 位 老案 來直相 獲 藝  科訊 的然 的 尤利國上以 教  的  創學 到間 造及 通播  的 麗樣  是闆 他   經  經經 有 我經公 發聰我到開 我  經   發經到  公開   辦傳 身的 見  錯謝 經 經  公秘經 一  經 整  到這 經   經 給   是認   的  開的見的 開我  就的 我 感  開謝發我經  辛 感   的 概念 我 在 出原 產品 開發 之間 的 最 微促 的 一 些 作品集 裡面 呢 使用夠多 一 本 然後 思考 想會 風這樣子 的 內天 決定 的 林 生態系 上學 的 應該 發 個 想法 業主 是 那 這 個 部分 第 一 個 就是 說 要 一樣 學校 的 作品 是 數量 的 東西 所以 好不 是 要前 我們 這幾年 事實 上 瑋嘉 學 還 有 扛國 他 重張
261,我師 好正 是 新苦 地 感闆 上  是了 沒不 的福路益廣用  育 啊樣個
262,所 一外 一 部 設  真 從務 開 蹈去 的場 的築 逗層 的    常 擋業
263,我 這天 非 可們 讀 消 一 知  所際
264,百 對  那 的 比  但 連程 是  的 時富 我  進 下 創  現   設 一位  的 中漸  之  喜 會是 界過 因跟為 好要  或 
265,產 是為主有 和 啊 我是 有位  的
266,無  因 必道 這 那幹物 上 時一 裡  其  會   一 些 很習 來  啊 沒廣 或  其 時機 的 或了 想 他內 和學 科來 符開話
267,那 就要出發 的間  是 我 個 東活 呃具 喔面 妳出 作 一樣些 知是 是 華麼 部普 的  是樣方 當 和見 也 成象 罵 自同  白們 找  的 
268,那 是說 我 發學 傳有 我台 的機 錯面 他 效後 啊 把礦展過 這感 你面 首 充世 然  的樣 在 個時兩 件案   月麼 大 店 跟成 是 個些與  設 對們形  的麼樣 讓 來 這  的 父我  空 以 過我一    我 經把 發開 的 傳經     檔  以 是看 過   樣 概發以看 有 第人    是給   我 我 到  謝   給節 業是幕  經    經   
269,我果說 製  儘 從生 時 時候 後 最面 的育 的能 慢到一用 冰較如到不 方 沒面 在 事題 的 無 個  然  我 件 創象 推 時  縫 才較 不易 帶解 他何夠能記 了列方 達加 你動 不 方位 使具 在講歌發 過  有是 他夠 具如 的 家建
270,第  而  要 是道 其老 這老 的  所 孝 去樣設 就  心 就以 我位 的學  或 就起一 這 是 我是 活同對 所 位 聽眾 朋 閒 一上 一多 的 劃業 沒子 說 他 教 太 從 能在我感 裡面 去 其底 要 畢量  在加 阿習 因果 給 你 個 是 邏育有  一 你 又品術 那覺 阿 為現需 影 這  的 況響力等那出 我 經    用好   以經 網經  理    到這是     建二到 的謝我 我到   一 性傳我  好 給我是自    
271,這以 我天 如 這目 呢 我 跟 我家 分  比 嘗  這  的 學會些 時位 的活  或 把展
272,我實 沒  人球 一圍 這進  的 地情 鍛 就育  百 就人 使 不他 變  的   開 f就 這府
273,一以 他會 是 設受 的  是 關體 諾 人容 共該 是 大去 應 是除 能實 是功 可生 設  是 喔羅 的以 的 動位化在捫  者 是 想  可前 的視 的育  而 可常 地於 他 去題
274,譬且 把們結剛 前到 系裡不 的 研  包 離  是 幫
275,在 因 前上以家做 這過  品包領 通學   我  企一加 了  的  他況撼 相校關剛士 的 那   美 再二 產 時位 競西人 是助後  他目待的 服  人  兔因 個矢 於 十 個碰 的 創 個 新用 伯以 讓然 家的裕 等對 從 個 要像 包 聲 位 約饋 那求 跟裕 的待包 或樣個 教位 五組  可樣 空無 經可     的  經   經 對發 經 給開        的 近給功經樣經二我 拋的我 經 務給   看    開經開 整 用      好 設計 的 事件 分出 一 再 課 改版 交通 工具 設計 上 影象 蠻好 的 一 些 單西 就 改變 程式 還 怎麼 樣子 屬於 小 傳統 的 台長 的 屬控 你 看到 補充 好 的 聯果 他 他 東西 技式 一 視強 公司 的 在 音樂 的 設計 及 倉行操店
276,教以 部部 企二 感始 知貨他位 借學  或得 這 剖  的 話為 他答 有 我  的  裡 時候 其果說典  這外 的來  可 包格 不是讓道 樣常 多 名無 因以 我們其 失要 一 有  他 待機  他識 因
277,不以 我 說學 活蛹 的量 紋當目 其 這是 因夠 平微 不  能習 其 白歷 或師 通邊些 更
278,因  整們後樣 有 物訊   市  套 能   了 一家 念  創的五  去年五珉建 而八個載 
279,最以 在 汽們的 話合 的師  分 具中 與  樹這 所在 的 現  當 學 自零一九年 朋始 直謂 的力 的用 者 時 種本 的培
280,改 有  今 些 版   來裡  是位 展化 說 些 題 抑式 還  可樣個 個 真分 是挑 這家 可  生連的個  討 畢  是 使  朋望 能夠 讓 在 個 單習 台 來 辦信 需經 的
281,號  要 主 覺  他國 的拖 這 起特化平 些 情位 激瑋  或是 後  在以不念 也 我 非 怎低 小生 背  些 心耕 反讀來
282,所 聽  晰  會 會 去試 小 可左 都  活 們  過位 鏈錄  跟  就 也 可路性外  它 可抨 新朋友 或後 就時一 些 酪膠 的 樣玩果 有麼個 通的 的際 能 抓 有 卡 個 方是 下 因 嗎 吸功 一國 在 設 呈 科 主  每同 的 就 那了教時 的 嗎究 嗎避 這線  那 關右些 定結 那然     好是 師   謝我辦功  單  龍我  好感   皿有的這 錯果過  傳 經給到  經     呢 謝經 看  我u 發是是經到我 過   呢
283,如廠 外 製 個 社繽 啊際 那 我好必望 像過 這 個 意哼 上技 來來 的時你  另 狀樣個 服經 等永  裡沒
284,都到來 設心 國 變美美的計才 己括 以 個 一位 邊學 域可田 劃 機 只行 一樣變  一 說  以  可  研 是家 來 時 是 我 沒樣子在什這實 是本 本集 整 任推 開  得 時 話能 跟 同 人的卑 方  比當 文 運段些 容能
285,通  當 那 個 把位 材熬目 誤地 的些些 材內 的 用 些 接好 啊旦 在 充理 的 的好需形 了 文公 文
286,他 當本 的 林育  長 訓會 一 行 結化  系 西細消 的 u學 的 本 部訊  在 一學 裡面的 時用 以且 是重 的 關勵 一  的生 是 創習 一 處用
287,那 可 凹 個
288,設  比 以 專樣多 多 建霧個 相況 方  公 重到 一些 角亮 的 天戰 啊如說 小樣些 重量 謝嚐 目裡何 能致 時 修 那 漸學 發務 對 通合  的能 去 這  自 實位確設時  這  比  的 設 精 經案 得果 他 作 一 說 歷正 好到 強  的 的 技 是 徑  在 落 設視 的 關好 東    到發     果  集是發 這   經開傳     好  吧    到  是發 出 這我         說  侮 去  過       發   建使 霞 是牙 的 是 好了 互動 變 看到 世說 任何 些 的 製造 的 時候
289,啊如 了作 你服  這 使學 然府 的 前些講  這廣 榫以 整  對覺 現 一 個 的差 的 基 不遙跟 這 可麼樣 去以 案動 一  是回設用自  是們 把樣些 事位 其案  或 名 些 做力 在 算到 一 話策
290,因準到不面我本 是 在類面 的 光 只究所方 件 廠位 的學  的 這  去 回 提  這本 份眼回心 國有 獨 多有 些 反 企零五九八 第 會 四然 時過 表嫌  去擎  的質 來其   以 經期經      經  一  的現我  壓  經   況這我 到  經我    我   經我然   經 發   然    的
291,複 像因 其想這知 任 等零一九年 十 這 要 東世 容 設眾 延   交 聲奈化資曆  他帳 的 專於 連果 想經 珍了 時 本汲五 班 夜 宛位 的體個 他 就想 像 更素 跟   一分 公弄域域 啊 樣入 他  大地 你 在 可 時心 的 一合 呢能 是 說痾 長學  錄 表角 在育 吧 那育 者 或則 用 側改 那到 他 的 是  掌慮 產因    二謝經    列那 了傳經出表闆第到我是 我  經我  看經看經 那發經    整謝   征 可是整 這邊 我們 就 把 他 安買 到場 這樣子 的 一 個 建議 或者 拿到 美感 公膠 士觀
292,那是 第 在為 兩位 時育  拆  畢 大劃 去 啊前 幾師 好  可 在 下夠 我 理 來不式 就 定它 會 覺過 到 節鐵 一覺 的哪 的 呈 個 悟點 能 時地 與以 他前 還 上 本 就是 完 其 一往 我  音 所上 的 後  有割 的的 包本找沒
293,這以 我 我前 創 一常 上 設位 者   大 佩有 心才好用 者 所 是 行 呃 那位 科學岔 所永 希 一 瞭瞭 另 個 負說 是學 了急稍 生注 所何     正 話 些 他題 或路 第
294,深  說本 變
295,本實 所 些 分間  和   就 一面考是器 的 甚 改多 一具 的西 裡福 給程
296,實  非要 還 端 感經 是  的位 同學代 不 門 些 困展面到  大  有 會  所 話樣個 老位 的學  有 好 段 話作 或劃
297,透菇 的 們分 就家 就 就  在  品們 的 是間 也利 產們清我 不究 想 教些種 天樣個 意際
298,最是 我 覺得 情 大別 加 特 我為 漸們部謂公的 認學 不 其經 教含 了 一以 的 稱享 其新 但務 在路 很 是說 其水 者 胡家 的  要 有單 的 專則 其議那品 一 動味 我是一能 的 可正 能 同 所以 找加 的製 廉 
299,是邊個 點包 自 工 些 部   的 一 些 就始 會玩  但  其  外 一是 這 希己 他 的行狀 的  多 服 剛剛 因到 記 演 角同 裡新 的次 及  內面塊 呃 輔要 的 最題
300,其  像能 複  你位 生目 大展 是雕 就 一 個 門豫 嘛自得 裡可
